"","GO.ID","Term","Annotated","Significant","Expected","Rank in elimFisher","classicFisher","elimFisher"
"1","GO:0031380","nuclear RNA-directed RNA polymerase complex",5,1,0.01,1,"0.0094","0.0094"
"2","GO:0043680","filiform apparatus",6,1,0.01,2,"0.0112","0.0112"
"3","GO:0035145","exon-exon junction complex",10,1,0.02,3,"0.0187","0.0187"
"4","GO:0000781","chromosome, telomeric region",10,1,0.02,4,"0.0187","0.0187"
"5","GO:0000148","1,3-beta-D-glucan synthase complex",11,1,0.02,5,"0.0205","0.0205"
"6","GO:0019774","proteasome core complex, beta-subunit complex",15,1,0.03,6,"0.0279","0.0279"
"7","GO:0005832","chaperonin-containing T-complex",16,1,0.03,7,"0.0297","0.0297"
"8","GO:0010494","cytoplasmic stress granule",161,2,0.3,8,"0.0369","0.0369"
"9","GO:0005844","polysome",20,1,0.04,9,"0.0370","0.0370"
"10","GO:0101031","chaperone complex",23,1,0.04,10,"1.0000","0.0424"
"11","GO:0005839","proteasome core complex",25,1,0.05,11,"1.0000","0.0460"
"12","GO:0030686","90S preribosome",28,1,0.05,12,"0.0514","0.0514"
"13","GO:0044815","DNA packaging complex",33,1,0.06,13,"0.0603","0.0603"
"14","GO:0036464","cytoplasmic ribonucleoprotein granule",224,2,0.42,14,"1.0000","0.0665"
"15","GO:0035770","ribonucleoprotein granule",225,2,0.42,15,"1.0000","0.0670"
"16","GO:0098797","plasma membrane protein complex",45,1,0.08,16,"1.0000","0.0814"
"17","GO:0032993","protein-DNA complex",58,1,0.11,17,"0.1037","0.1037"
"18","GO:0016607","nuclear speck",62,1,0.12,18,"0.1104","0.1104"
"19","GO:0000502","proteasome complex",64,1,0.12,19,"1.0000","0.1138"
"20","GO:0098687","chromosomal region",65,1,0.12,20,"1.0000","0.1154"
"21","GO:1905369","endopeptidase complex",68,1,0.13,21,"1.0000","0.1204"
"22","GO:0110165","cellular anatomical entity",20963,42,39.47,22,"1.0000","0.1297"
"23","GO:0140535","intracellular protein-containing complex",714,4,1.34,23,"1.0000","0.1411"
"24","GO:0005886","plasma membrane",2840,8,5.35,24,"0.2511","0.1584"
"25","GO:0030684","preribosome",92,1,0.17,25,"1.0000","0.1595"
"26","GO:0032991","protein-containing complex",2925,9,5.51,26,"0.4348","0.1609"
"27","GO:1905368","peptidase complex",96,1,0.18,27,"1.0000","0.1658"
"28","GO:0016604","nuclear body",104,1,0.2,28,"1.0000","0.1783"
"29","GO:0099080","supramolecular complex",460,2,0.87,29,"1.0000","0.2146"
"30","GO:0080008","Cul4-RING E3 ubiquitin ligase complex",134,1,0.25,30,"0.2237","0.2237"
"31","GO:0005739","mitochondrion",3593,9,6.76,31,"0.2615","0.2265"
"32","GO:0005634","nucleus",9496,21,17.88,32,"0.2839","0.2596"
"33","GO:0071944","cell periphery",3365,8,6.34,33,"1.0000","0.2950"
"34","GO:0005737","cytoplasm",13222,27,24.89,34,"0.2263","0.3122"
"35","GO:1990904","ribonucleoprotein complex",623,2,1.17,35,"1.0000","0.3285"
"36","GO:0031461","cullin-RING ubiquitin ligase complex",223,1,0.42,36,"1.0000","0.3445"
"37","GO:0005743","mitochondrial inner membrane",236,1,0.44,37,"0.3605","0.3605"
"38","GO:1990234","transferase complex",716,3,1.35,38,"1.0000","0.3777"
"39","GO:0016020","membrane",4669,10,8.79,39,"0.6599","0.3810"
"40","GO:0043231","intracellular membrane-bounded organelle",17262,34,32.5,40,"1.0000","0.4040"
"41","GO:0043227","membrane-bounded organelle",17295,34,32.56,41,"1.0000","0.4125"
"42","GO:0000151","ubiquitin ligase complex",287,1,0.54,42,"1.0000","0.4197"
"43","GO:0031966","mitochondrial membrane",292,1,0.55,43,"1.0000","0.4252"
"44","GO:0140513","nuclear protein-containing complex",792,3,1.49,44,"0.7586","0.4273"
"45","GO:0005740","mitochondrial envelope",313,1,0.59,45,"1.0000","0.4478"
"46","GO:0019866","organelle inner membrane",316,1,0.59,46,"1.0000","0.4510"
"47","GO:0043229","intracellular organelle",17459,34,32.87,47,"1.0000","0.4555"
"48","GO:0043226","organelle",17482,34,32.91,48,"1.0000","0.4616"
"49","GO:1902494","catalytic complex",1378,4,2.59,49,"1.0000","0.4670"
"50","GO:0005829","cytosol",2926,6,5.51,50,"0.6347","0.4786"
"51","GO:0005576","extracellular region",2423,5,4.56,51,"0.4856","0.4856"
"52","GO:0005654","nucleoplasm",384,1,0.72,52,"1.0000","0.5180"
"53","GO:0031981","nuclear lumen",930,2,1.75,53,"1.0000","0.5274"
"54","GO:0005622","intracellular anatomical structure",18852,36,35.49,54,"1.0000","0.5446"
"55","GO:0005694","chromosome",417,1,0.79,55,"1.0000","0.5476"
"56","GO:0005783","endoplasmic reticulum",1071,2,2.02,56,"0.6052","0.6052"
"57","GO:0031974","membrane-enclosed lumen",1100,2,2.07,57,"1.0000","0.6200"
"58","GO:0043233","organelle lumen",1100,2,2.07,58,"1.0000","0.6200"
"59","GO:0070013","intracellular organelle lumen",1100,2,2.07,59,"1.0000","0.6200"
"60","GO:0005730","nucleolus",529,1,1,60,"0.6353","0.6353"
"61","GO:0098796","membrane protein complex",572,1,1.08,61,"1.0000","0.6643"
"62","GO:0005618","cell wall",578,1,1.09,62,"1.0000","0.6682"
"63","GO:0030312","external encapsulating structure",600,1,1.13,63,"1.0000","0.6820"
"64","GO:0043232","intracellular non-membrane-bounded organelle",2440,4,4.59,64,"1.0000","0.6883"
"65","GO:0043228","non-membrane-bounded organelle",2440,4,4.59,65,"1.0000","0.6883"
"66","GO:0005794","Golgi apparatus",1445,2,2.72,66,"0.7653","0.7653"
"67","GO:0009570","chloroplast stroma",758,1,1.43,67,"0.7661","0.7661"
"68","GO:0009532","plastid stroma",773,1,1.46,68,"1.0000","0.7728"
"69","GO:0005911","cell-cell junction",954,1,1.8,69,"1.0000","0.8406"
"70","GO:0055044","symplast",954,1,1.8,70,"1.0000","0.8406"
"71","GO:0070161","anchoring junction",954,1,1.8,71,"1.0000","0.8406"
"72","GO:0009506","plasmodesma",954,1,1.8,72,"0.8406","0.8406"
"73","GO:0030054","cell junction",956,1,1.8,73,"1.0000","0.8412"
"74","GO:0012505","endomembrane system",2573,3,4.84,74,"1.0000","0.8771"
"75","GO:0031975","envelope",1318,1,2.48,75,"1.0000","0.9226"
"76","GO:0031967","organelle envelope",1318,1,2.48,76,"1.0000","0.9226"
"77","GO:0009536","plastid",5116,6,9.63,77,"0.2436","0.9419"
"78","GO:0031090","organelle membrane",1480,1,2.79,78,"1.0000","0.9441"
"79","GO:0009507","chloroplast",4675,4,8.8,79,"0.9863","0.9852"
"80","GO:0061695","transferase complex, transferring phosphorus-containing groups",243,1,0.46,80,"1.0000","1.0000"
"81","GO:0030880","RNA polymerase complex",128,1,0.24,81,"1.0000","1.0000"
"82","GO:0031379","RNA-directed RNA polymerase complex",5,1,0.01,82,"1.0000","1.0000"
"83","GO:0005575","cellular_component",22839,43,43,83,"1.0000","1.0000"
"84","GO:0000109","nucleotide-excision repair complex",7,0,0.01,84,"1.0000","1.0000"
"85","GO:0000118","histone deacetylase complex",62,0,0.12,85,"1.0000","1.0000"
"86","GO:0000123","histone acetyltransferase complex",67,0,0.13,86,"1.0000","1.0000"
"87","GO:0000124","SAGA complex",15,0,0.03,87,"1.0000","1.0000"
"88","GO:0000127","transcription factor TFIIIC complex",7,0,0.01,88,"1.0000","1.0000"
"89","GO:0000137","Golgi cis cisterna",50,0,0.09,89,"1.0000","1.0000"
"90","GO:0000138","Golgi trans cisterna",97,0,0.18,90,"1.0000","1.0000"
"91","GO:0000139","Golgi membrane",87,0,0.16,91,"1.0000","1.0000"
"92","GO:0000145","exocyst",35,0,0.07,92,"1.0000","1.0000"
"93","GO:0000152","nuclear ubiquitin ligase complex",30,0,0.06,93,"1.0000","1.0000"
"94","GO:0000153","cytoplasmic ubiquitin ligase complex",10,0,0.02,94,"1.0000","1.0000"
"95","GO:0000159","protein phosphatase type 2A complex",26,0,0.05,95,"1.0000","1.0000"
"96","GO:0000164","protein phosphatase type 1 complex",5,0,0.01,96,"1.0000","1.0000"
"97","GO:0000176","nuclear exosome (RNase complex)",18,0,0.03,97,"1.0000","1.0000"
"98","GO:0000177","cytoplasmic exosome (RNase complex)",12,0,0.02,98,"1.0000","1.0000"
"99","GO:0000178","exosome (RNase complex)",24,0,0.05,99,"1.0000","1.0000"
"100","GO:0000220","vacuolar proton-transporting V-type ATPase, V0 domain",7,0,0.01,100,"1.0000","1.0000"
"101","GO:0000228","nuclear chromosome",124,0,0.23,101,"1.0000","1.0000"
"102","GO:0000243","commitment complex",13,0,0.02,102,"1.0000","1.0000"
"103","GO:0000275","mitochondrial proton-transporting ATP synthase complex, catalytic sector F(1)",14,0,0.03,103,"1.0000","1.0000"
"104","GO:0000276","mitochondrial proton-transporting ATP synthase complex, coupling factor F(o)",14,0,0.03,104,"1.0000","1.0000"
"105","GO:0000307","cyclin-dependent protein kinase holoenzyme complex",70,0,0.13,105,"1.0000","1.0000"
"106","GO:0000311","plastid large ribosomal subunit",8,0,0.02,106,"1.0000","1.0000"
"107","GO:0000312","plastid small ribosomal subunit",11,0,0.02,107,"1.0000","1.0000"
"108","GO:0000313","organellar ribosome",73,0,0.14,108,"1.0000","1.0000"
"109","GO:0000314","organellar small ribosomal subunit",28,0,0.05,109,"1.0000","1.0000"
"110","GO:0000315","organellar large ribosomal subunit",40,0,0.08,110,"1.0000","1.0000"
"111","GO:0000322","storage vacuole",19,0,0.04,111,"1.0000","1.0000"
"112","GO:0000323","lytic vacuole",44,0,0.08,112,"1.0000","1.0000"
"113","GO:0000325","plant-type vacuole",864,0,1.63,113,"1.0000","1.0000"
"114","GO:0000326","protein storage vacuole",19,0,0.04,114,"1.0000","1.0000"
"115","GO:0000346","transcription export complex",7,0,0.01,115,"1.0000","1.0000"
"116","GO:0000347","THO complex",14,0,0.03,116,"1.0000","1.0000"
"117","GO:0000407","phagophore assembly site",20,0,0.04,117,"1.0000","1.0000"
"118","GO:0000418","RNA polymerase IV complex",11,0,0.02,118,"1.0000","1.0000"
"119","GO:0000419","RNA polymerase V complex",20,0,0.04,119,"1.0000","1.0000"
"120","GO:0000427","plastid-encoded plastid RNA polymerase complex",13,0,0.02,120,"1.0000","1.0000"
"121","GO:0000428","DNA-directed RNA polymerase complex",123,0,0.23,121,"1.0000","1.0000"
"122","GO:0000445","THO complex part of transcription export complex",6,0,0.01,122,"1.0000","1.0000"
"123","GO:0000775","chromosome, centromeric region",54,0,0.1,123,"1.0000","1.0000"
"124","GO:0000776","kinetochore",26,0,0.05,124,"1.0000","1.0000"
"125","GO:0000779","condensed chromosome, centromeric region",32,0,0.06,125,"1.0000","1.0000"
"126","GO:0000785","chromatin",241,0,0.45,126,"1.0000","1.0000"
"127","GO:0000786","nucleosome",13,0,0.02,127,"1.0000","1.0000"
"128","GO:0000791","euchromatin",11,0,0.02,128,"1.0000","1.0000"
"129","GO:0000792","heterochromatin",16,0,0.03,129,"1.0000","1.0000"
"130","GO:0000793","condensed chromosome",71,0,0.13,130,"1.0000","1.0000"
"131","GO:0000794","condensed nuclear chromosome",22,0,0.04,131,"1.0000","1.0000"
"132","GO:0000796","condensin complex",9,0,0.02,132,"1.0000","1.0000"
"133","GO:0000808","origin recognition complex",7,0,0.01,133,"1.0000","1.0000"
"134","GO:0000812","Swr1 complex",17,0,0.03,134,"1.0000","1.0000"
"135","GO:0000813","ESCRT I complex",7,0,0.01,135,"1.0000","1.0000"
"136","GO:0000815","ESCRT III complex",13,0,0.02,136,"1.0000","1.0000"
"137","GO:0000835","ER ubiquitin ligase complex",5,0,0.01,137,"1.0000","1.0000"
"138","GO:0000836","Hrd1p ubiquitin ligase complex",5,0,0.01,138,"1.0000","1.0000"
"139","GO:0000922","spindle pole",8,0,0.02,139,"1.0000","1.0000"
"140","GO:0000930","gamma-tubulin complex",7,0,0.01,140,"1.0000","1.0000"
"141","GO:0000932","P-body",81,0,0.15,141,"1.0000","1.0000"
"142","GO:0000938","GARP complex",5,0,0.01,142,"1.0000","1.0000"
"143","GO:0000940","outer kinetochore",13,0,0.02,143,"1.0000","1.0000"
"144","GO:0000974","Prp19 complex",16,0,0.03,144,"1.0000","1.0000"
"145","GO:0002189","ribose phosphate diphosphokinase complex",5,0,0.01,145,"1.0000","1.0000"
"146","GO:0005615","extracellular space",112,0,0.21,146,"1.0000","1.0000"
"147","GO:0005635","nuclear envelope",122,0,0.23,147,"1.0000","1.0000"
"148","GO:0005643","nuclear pore",46,0,0.09,148,"1.0000","1.0000"
"149","GO:0005657","replication fork",45,0,0.08,149,"1.0000","1.0000"
"150","GO:0005662","DNA replication factor A complex",14,0,0.03,150,"1.0000","1.0000"
"151","GO:0005663","DNA replication factor C complex",11,0,0.02,151,"1.0000","1.0000"
"152","GO:0005664","nuclear origin of replication recognition complex",7,0,0.01,152,"1.0000","1.0000"
"153","GO:0005665","RNA polymerase II, core complex",17,0,0.03,153,"1.0000","1.0000"
"154","GO:0005666","RNA polymerase III complex",23,0,0.04,154,"1.0000","1.0000"
"155","GO:0005667","transcription regulator complex",134,0,0.25,155,"1.0000","1.0000"
"156","GO:0005669","transcription factor TFIID complex",16,0,0.03,156,"1.0000","1.0000"
"157","GO:0005675","transcription factor TFIIH holo complex",12,0,0.02,157,"1.0000","1.0000"
"158","GO:0005677","chromatin silencing complex",11,0,0.02,158,"1.0000","1.0000"
"159","GO:0005680","anaphase-promoting complex",19,0,0.04,159,"1.0000","1.0000"
"160","GO:0005681","spliceosomal complex",145,0,0.27,160,"1.0000","1.0000"
"161","GO:0005682","U5 snRNP",16,0,0.03,161,"1.0000","1.0000"
"162","GO:0005684","U2-type spliceosomal complex",50,0,0.09,162,"1.0000","1.0000"
"163","GO:0005685","U1 snRNP",28,0,0.05,163,"1.0000","1.0000"
"164","GO:0005686","U2 snRNP",20,0,0.04,164,"1.0000","1.0000"
"165","GO:0005687","U4 snRNP",10,0,0.02,165,"1.0000","1.0000"
"166","GO:0005688","U6 snRNP",9,0,0.02,166,"1.0000","1.0000"
"167","GO:0005689","U12-type spliceosomal complex",21,0,0.04,167,"1.0000","1.0000"
"168","GO:0005732","sno(s)RNA-containing ribonucleoprotein complex",22,0,0.04,168,"1.0000","1.0000"
"169","GO:0005736","RNA polymerase I complex",14,0,0.03,169,"1.0000","1.0000"
"170","GO:0005741","mitochondrial outer membrane",60,0,0.11,170,"1.0000","1.0000"
"171","GO:0005742","mitochondrial outer membrane translocase complex",8,0,0.02,171,"1.0000","1.0000"
"172","GO:0005744","TIM23 mitochondrial import inner membrane translocase complex",21,0,0.04,172,"1.0000","1.0000"
"173","GO:0005746","mitochondrial respirasome",111,0,0.21,173,"1.0000","1.0000"
"174","GO:0005747","mitochondrial respiratory chain complex I",77,0,0.14,174,"1.0000","1.0000"
"175","GO:0005749","mitochondrial respiratory chain complex II, succinate dehydrogenase complex (ubiquinone)",7,0,0.01,175,"1.0000","1.0000"
"176","GO:0005750","mitochondrial respiratory chain complex III",16,0,0.03,176,"1.0000","1.0000"
"177","GO:0005751","mitochondrial respiratory chain complex IV",9,0,0.02,177,"1.0000","1.0000"
"178","GO:0005753","mitochondrial proton-transporting ATP synthase complex",33,0,0.06,178,"1.0000","1.0000"
"179","GO:0005758","mitochondrial intermembrane space",17,0,0.03,179,"1.0000","1.0000"
"180","GO:0005759","mitochondrial matrix",137,0,0.26,180,"1.0000","1.0000"
"181","GO:0005761","mitochondrial ribosome",57,0,0.11,181,"1.0000","1.0000"
"182","GO:0005762","mitochondrial large ribosomal subunit",32,0,0.06,182,"1.0000","1.0000"
"183","GO:0005763","mitochondrial small ribosomal subunit",23,0,0.04,183,"1.0000","1.0000"
"184","GO:0005764","lysosome",36,0,0.07,184,"1.0000","1.0000"
"185","GO:0005765","lysosomal membrane",6,0,0.01,185,"1.0000","1.0000"
"186","GO:0005768","endosome",465,0,0.88,186,"1.0000","1.0000"
"187","GO:0005769","early endosome",28,0,0.05,187,"1.0000","1.0000"
"188","GO:0005770","late endosome",78,0,0.15,188,"1.0000","1.0000"
"189","GO:0005771","multivesicular body",29,0,0.05,189,"1.0000","1.0000"
"190","GO:0005773","vacuole",1099,0,2.07,190,"1.0000","1.0000"
"191","GO:0005774","vacuolar membrane",201,0,0.38,191,"1.0000","1.0000"
"192","GO:0005776","autophagosome",24,0,0.05,192,"1.0000","1.0000"
"193","GO:0005777","peroxisome",322,0,0.61,193,"1.0000","1.0000"
"194","GO:0005778","peroxisomal membrane",25,0,0.05,194,"1.0000","1.0000"
"195","GO:0005786","signal recognition particle, endoplasmic reticulum targeting",8,0,0.02,195,"1.0000","1.0000"
"196","GO:0005787","signal peptidase complex",10,0,0.02,196,"1.0000","1.0000"
"197","GO:0005788","endoplasmic reticulum lumen",15,0,0.03,197,"1.0000","1.0000"
"198","GO:0005789","endoplasmic reticulum membrane",240,0,0.45,198,"1.0000","1.0000"
"199","GO:0005791","rough endoplasmic reticulum",9,0,0.02,199,"1.0000","1.0000"
"200","GO:0005793","endoplasmic reticulum-Golgi intermediate compartment",22,0,0.04,200,"1.0000","1.0000"
"201","GO:0005795","Golgi stack",230,0,0.43,201,"1.0000","1.0000"
"202","GO:0005797","Golgi medial cisterna",74,0,0.14,202,"1.0000","1.0000"
"203","GO:0005798","Golgi-associated vesicle",50,0,0.09,203,"1.0000","1.0000"
"204","GO:0005801","cis-Golgi network",22,0,0.04,204,"1.0000","1.0000"
"205","GO:0005802","trans-Golgi network",333,0,0.63,205,"1.0000","1.0000"
"206","GO:0005811","lipid droplet",50,0,0.09,206,"1.0000","1.0000"
"207","GO:0005813","centrosome",32,0,0.06,207,"1.0000","1.0000"
"208","GO:0005815","microtubule organizing center",42,0,0.08,208,"1.0000","1.0000"
"209","GO:0005819","spindle",81,0,0.15,209,"1.0000","1.0000"
"210","GO:0005828","kinetochore microtubule",6,0,0.01,210,"1.0000","1.0000"
"211","GO:0005834","heterotrimeric G-protein complex",8,0,0.02,211,"1.0000","1.0000"
"212","GO:0005838","proteasome regulatory particle",34,0,0.06,212,"1.0000","1.0000"
"213","GO:0005840","ribosome",378,0,0.71,213,"1.0000","1.0000"
"214","GO:0005845","mRNA cap binding complex",7,0,0.01,214,"1.0000","1.0000"
"215","GO:0005847","mRNA cleavage and polyadenylation specificity factor complex",9,0,0.02,215,"1.0000","1.0000"
"216","GO:0005849","mRNA cleavage factor complex",16,0,0.03,216,"1.0000","1.0000"
"217","GO:0005850","eukaryotic translation initiation factor 2 complex",5,0,0.01,217,"1.0000","1.0000"
"218","GO:0005851","eukaryotic translation initiation factor 2B complex",6,0,0.01,218,"1.0000","1.0000"
"219","GO:0005852","eukaryotic translation initiation factor 3 complex",19,0,0.04,219,"1.0000","1.0000"
"220","GO:0005854","nascent polypeptide-associated complex",5,0,0.01,220,"1.0000","1.0000"
"221","GO:0005856","cytoskeleton",407,0,0.77,221,"1.0000","1.0000"
"222","GO:0005868","cytoplasmic dynein complex",6,0,0.01,222,"1.0000","1.0000"
"223","GO:0005871","kinesin complex",25,0,0.05,223,"1.0000","1.0000"
"224","GO:0005874","microtubule",195,0,0.37,224,"1.0000","1.0000"
"225","GO:0005875","microtubule associated complex",68,0,0.13,225,"1.0000","1.0000"
"226","GO:0005876","spindle microtubule",26,0,0.05,226,"1.0000","1.0000"
"227","GO:0005880","nuclear microtubule",22,0,0.04,227,"1.0000","1.0000"
"228","GO:0005881","cytoplasmic microtubule",61,0,0.11,228,"1.0000","1.0000"
"229","GO:0005884","actin filament",21,0,0.04,229,"1.0000","1.0000"
"230","GO:0005885","Arp2/3 protein complex",7,0,0.01,230,"1.0000","1.0000"
"231","GO:0005905","clathrin-coated pit",23,0,0.04,231,"1.0000","1.0000"
"232","GO:0005938","cell cortex",132,0,0.25,232,"1.0000","1.0000"
"233","GO:0005942","phosphatidylinositol 3-kinase complex",5,0,0.01,233,"1.0000","1.0000"
"234","GO:0005956","protein kinase CK2 complex",7,0,0.01,234,"1.0000","1.0000"
"235","GO:0005968","Rab-protein geranylgeranyltransferase complex",5,0,0.01,235,"1.0000","1.0000"
"236","GO:0008023","transcription elongation factor complex",29,0,0.05,236,"1.0000","1.0000"
"237","GO:0008024","cyclin/CDK positive transcription elongation factor complex",5,0,0.01,237,"1.0000","1.0000"
"238","GO:0008180","COP9 signalosome",9,0,0.02,238,"1.0000","1.0000"
"239","GO:0008250","oligosaccharyltransferase complex",9,0,0.02,239,"1.0000","1.0000"
"240","GO:0008278","cohesin complex",8,0,0.02,240,"1.0000","1.0000"
"241","GO:0008287","protein serine/threonine phosphatase complex",37,0,0.07,241,"1.0000","1.0000"
"242","GO:0008352","katanin complex",5,0,0.01,242,"1.0000","1.0000"
"243","GO:0008540","proteasome regulatory particle, base subcomplex",16,0,0.03,243,"1.0000","1.0000"
"244","GO:0008541","proteasome regulatory particle, lid subcomplex",15,0,0.03,244,"1.0000","1.0000"
"245","GO:0009295","nucleoid",63,0,0.12,245,"1.0000","1.0000"
"246","GO:0009317","acetyl-CoA carboxylase complex",5,0,0.01,246,"1.0000","1.0000"
"247","GO:0009330","DNA topoisomerase type II (double strand cut, ATP-hydrolyzing) complex",5,0,0.01,247,"1.0000","1.0000"
"248","GO:0009331","glycerol-3-phosphate dehydrogenase complex",6,0,0.01,248,"1.0000","1.0000"
"249","GO:0009360","DNA polymerase III complex",6,0,0.01,249,"1.0000","1.0000"
"250","GO:0009368","endopeptidase Clp complex",11,0,0.02,250,"1.0000","1.0000"
"251","GO:0009503","thylakoid light-harvesting complex",8,0,0.02,251,"1.0000","1.0000"
"252","GO:0009504","cell plate",51,0,0.1,252,"1.0000","1.0000"
"253","GO:0009505","plant-type cell wall",561,0,1.06,253,"1.0000","1.0000"
"254","GO:0009512","cytochrome b6f complex",8,0,0.02,254,"1.0000","1.0000"
"255","GO:0009513","etioplast",7,0,0.01,255,"1.0000","1.0000"
"256","GO:0009514","glyoxysome",5,0,0.01,256,"1.0000","1.0000"
"257","GO:0009517","PSII associated light-harvesting complex II",7,0,0.01,257,"1.0000","1.0000"
"258","GO:0009521","photosystem",57,0,0.11,258,"1.0000","1.0000"
"259","GO:0009522","photosystem I",16,0,0.03,259,"1.0000","1.0000"
"260","GO:0009523","photosystem II",43,0,0.08,260,"1.0000","1.0000"
"261","GO:0009524","phragmoplast",78,0,0.15,261,"1.0000","1.0000"
"262","GO:0009526","plastid envelope",915,0,1.72,262,"1.0000","1.0000"
"263","GO:0009527","plastid outer membrane",76,0,0.14,263,"1.0000","1.0000"
"264","GO:0009528","plastid inner membrane",78,0,0.15,264,"1.0000","1.0000"
"265","GO:0009531","secondary cell wall",23,0,0.04,265,"1.0000","1.0000"
"266","GO:0009533","chloroplast stromal thylakoid",9,0,0.02,266,"1.0000","1.0000"
"267","GO:0009534","chloroplast thylakoid",464,0,0.87,267,"1.0000","1.0000"
"268","GO:0009535","chloroplast thylakoid membrane",357,0,0.67,268,"1.0000","1.0000"
"269","GO:0009538","photosystem I reaction center",9,0,0.02,269,"1.0000","1.0000"
"270","GO:0009539","photosystem II reaction center",6,0,0.01,270,"1.0000","1.0000"
"271","GO:0009543","chloroplast thylakoid lumen",46,0,0.09,271,"1.0000","1.0000"
"272","GO:0009544","chloroplast ATP synthase complex",5,0,0.01,272,"1.0000","1.0000"
"273","GO:0009547","plastid ribosome",22,0,0.04,273,"1.0000","1.0000"
"274","GO:0009569","chloroplast starch grain",7,0,0.01,274,"1.0000","1.0000"
"275","GO:0009574","preprophase band",32,0,0.06,275,"1.0000","1.0000"
"276","GO:0009579","thylakoid",568,0,1.07,276,"1.0000","1.0000"
"277","GO:0009654","photosystem II oxygen evolving complex",22,0,0.04,277,"1.0000","1.0000"
"278","GO:0009705","plant-type vacuole membrane",134,0,0.25,278,"1.0000","1.0000"
"279","GO:0009706","chloroplast inner membrane",74,0,0.14,279,"1.0000","1.0000"
"280","GO:0009707","chloroplast outer membrane",70,0,0.13,280,"1.0000","1.0000"
"281","GO:0009840","chloroplastic endopeptidase Clp complex",9,0,0.02,281,"1.0000","1.0000"
"282","GO:0009897","external side of plasma membrane",7,0,0.01,282,"1.0000","1.0000"
"283","GO:0009898","cytoplasmic side of plasma membrane",31,0,0.06,283,"1.0000","1.0000"
"284","GO:0009925","basal plasma membrane",5,0,0.01,284,"1.0000","1.0000"
"285","GO:0009941","chloroplast envelope",661,0,1.24,285,"1.0000","1.0000"
"286","GO:0009986","cell surface",21,0,0.04,286,"1.0000","1.0000"
"287","GO:0010005","cortical microtubule, transverse to long axis",15,0,0.03,287,"1.0000","1.0000"
"288","GO:0010008","endosome membrane",83,0,0.16,288,"1.0000","1.0000"
"289","GO:0010168","ER body",12,0,0.02,289,"1.0000","1.0000"
"290","GO:0010287","plastoglobule",57,0,0.11,290,"1.0000","1.0000"
"291","GO:0010316","pyrophosphate-dependent phosphofructokinase complex",6,0,0.01,291,"1.0000","1.0000"
"292","GO:0010319","stromule",48,0,0.09,292,"1.0000","1.0000"
"293","GO:0010330","cellulose synthase complex",9,0,0.02,293,"1.0000","1.0000"
"294","GO:0010369","chromocenter",15,0,0.03,294,"1.0000","1.0000"
"295","GO:0010445","nuclear dicing body",8,0,0.02,295,"1.0000","1.0000"
"296","GO:0010598","NAD(P)H dehydrogenase complex (plastoquinone)",13,0,0.02,296,"1.0000","1.0000"
"297","GO:0012506","vesicle membrane",153,0,0.29,297,"1.0000","1.0000"
"298","GO:0012507","ER to Golgi transport vesicle membrane",30,0,0.06,298,"1.0000","1.0000"
"299","GO:0012510","trans-Golgi network transport vesicle membrane",14,0,0.03,299,"1.0000","1.0000"
"300","GO:0012511","monolayer-surrounded lipid storage body",17,0,0.03,300,"1.0000","1.0000"
"301","GO:0015030","Cajal body",12,0,0.02,301,"1.0000","1.0000"
"302","GO:0015629","actin cytoskeleton",67,0,0.13,302,"1.0000","1.0000"
"303","GO:0015630","microtubule cytoskeleton",306,0,0.58,303,"1.0000","1.0000"
"304","GO:0015934","large ribosomal subunit",173,0,0.33,304,"1.0000","1.0000"
"305","GO:0015935","small ribosomal subunit",117,0,0.22,305,"1.0000","1.0000"
"306","GO:0016272","prefoldin complex",7,0,0.01,306,"1.0000","1.0000"
"307","GO:0016281","eukaryotic translation initiation factor 4F complex",9,0,0.02,307,"1.0000","1.0000"
"308","GO:0016324","apical plasma membrane",32,0,0.06,308,"1.0000","1.0000"
"309","GO:0016328","lateral plasma membrane",5,0,0.01,309,"1.0000","1.0000"
"310","GO:0016459","myosin complex",7,0,0.01,310,"1.0000","1.0000"
"311","GO:0016469","proton-transporting two-sector ATPase complex",66,0,0.12,311,"1.0000","1.0000"
"312","GO:0016471","vacuolar proton-transporting V-type ATPase complex",15,0,0.03,312,"1.0000","1.0000"
"313","GO:0016514","SWI/SNF complex",12,0,0.02,313,"1.0000","1.0000"
"314","GO:0016580","Sin3 complex",7,0,0.01,314,"1.0000","1.0000"
"315","GO:0016591","RNA polymerase II, holoenzyme",67,0,0.13,315,"1.0000","1.0000"
"316","GO:0016592","mediator complex",42,0,0.08,316,"1.0000","1.0000"
"317","GO:0016593","Cdc73/Paf1 complex",10,0,0.02,317,"1.0000","1.0000"
"318","GO:0016602","CCAAT-binding factor complex",19,0,0.04,318,"1.0000","1.0000"
"319","GO:0017053","transcription repressor complex",18,0,0.03,319,"1.0000","1.0000"
"320","GO:0017101","aminoacyl-tRNA synthetase multienzyme complex",6,0,0.01,320,"1.0000","1.0000"
"321","GO:0017119","Golgi transport complex",16,0,0.03,321,"1.0000","1.0000"
"322","GO:0019005","SCF ubiquitin ligase complex",63,0,0.12,322,"1.0000","1.0000"
"323","GO:0019773","proteasome core complex, alpha-subunit complex",10,0,0.02,323,"1.0000","1.0000"
"324","GO:0019867","outer membrane",492,0,0.93,324,"1.0000","1.0000"
"325","GO:0019897","extrinsic component of plasma membrane",19,0,0.04,325,"1.0000","1.0000"
"326","GO:0019898","extrinsic component of membrane",69,0,0.13,326,"1.0000","1.0000"
"327","GO:0019908","nuclear cyclin-dependent protein kinase holoenzyme complex",5,0,0.01,327,"1.0000","1.0000"
"328","GO:0022624","proteasome accessory complex",34,0,0.06,328,"1.0000","1.0000"
"329","GO:0022625","cytosolic large ribosomal subunit",130,0,0.24,329,"1.0000","1.0000"
"330","GO:0022626","cytosolic ribosome",285,0,0.54,330,"1.0000","1.0000"
"331","GO:0022627","cytosolic small ribosomal subunit",78,0,0.15,331,"1.0000","1.0000"
"332","GO:0030008","TRAPP complex",10,0,0.02,332,"1.0000","1.0000"
"333","GO:0030014","CCR4-NOT complex",32,0,0.06,333,"1.0000","1.0000"
"334","GO:0030015","CCR4-NOT core complex",21,0,0.04,334,"1.0000","1.0000"
"335","GO:0030076","light-harvesting complex",8,0,0.02,335,"1.0000","1.0000"
"336","GO:0030117","membrane coat",68,0,0.13,336,"1.0000","1.0000"
"337","GO:0030118","clathrin coat",26,0,0.05,337,"1.0000","1.0000"
"338","GO:0030119","AP-type membrane coat adaptor complex",22,0,0.04,338,"1.0000","1.0000"
"339","GO:0030120","vesicle coat",53,0,0.1,339,"1.0000","1.0000"
"340","GO:0030121","AP-1 adaptor complex",5,0,0.01,340,"1.0000","1.0000"
"341","GO:0030124","AP-4 adaptor complex",5,0,0.01,341,"1.0000","1.0000"
"342","GO:0030125","clathrin vesicle coat",19,0,0.04,342,"1.0000","1.0000"
"343","GO:0030126","COPI vesicle coat",17,0,0.03,343,"1.0000","1.0000"
"344","GO:0030127","COPII vesicle coat",17,0,0.03,344,"1.0000","1.0000"
"345","GO:0030130","clathrin coat of trans-Golgi network vesicle",11,0,0.02,345,"1.0000","1.0000"
"346","GO:0030131","clathrin adaptor complex",14,0,0.03,346,"1.0000","1.0000"
"347","GO:0030132","clathrin coat of coated pit",8,0,0.02,347,"1.0000","1.0000"
"348","GO:0030133","transport vesicle",62,0,0.12,348,"1.0000","1.0000"
"349","GO:0030134","COPII-coated ER to Golgi transport vesicle",56,0,0.11,349,"1.0000","1.0000"
"350","GO:0030135","coated vesicle",125,0,0.24,350,"1.0000","1.0000"
"351","GO:0030136","clathrin-coated vesicle",52,0,0.1,351,"1.0000","1.0000"
"352","GO:0030137","COPI-coated vesicle",18,0,0.03,352,"1.0000","1.0000"
"353","GO:0030139","endocytic vesicle",16,0,0.03,353,"1.0000","1.0000"
"354","GO:0030140","trans-Golgi network transport vesicle",20,0,0.04,354,"1.0000","1.0000"
"355","GO:0030286","dynein complex",6,0,0.01,355,"1.0000","1.0000"
"356","GO:0030427","site of polarized growth",32,0,0.06,356,"1.0000","1.0000"
"357","GO:0030532","small nuclear ribonucleoprotein complex",68,0,0.13,357,"1.0000","1.0000"
"358","GO:0030658","transport vesicle membrane",44,0,0.08,358,"1.0000","1.0000"
"359","GO:0030659","cytoplasmic vesicle membrane",150,0,0.28,359,"1.0000","1.0000"
"360","GO:0030660","Golgi-associated vesicle membrane",36,0,0.07,360,"1.0000","1.0000"
"361","GO:0030662","coated vesicle membrane",69,0,0.13,361,"1.0000","1.0000"
"362","GO:0030663","COPI-coated vesicle membrane",17,0,0.03,362,"1.0000","1.0000"
"363","GO:0030665","clathrin-coated vesicle membrane",22,0,0.04,363,"1.0000","1.0000"
"364","GO:0030687","preribosome, large subunit precursor",24,0,0.05,364,"1.0000","1.0000"
"365","GO:0030688","preribosome, small subunit precursor",13,0,0.02,365,"1.0000","1.0000"
"366","GO:0030863","cortical cytoskeleton",61,0,0.11,366,"1.0000","1.0000"
"367","GO:0030867","rough endoplasmic reticulum membrane",8,0,0.02,367,"1.0000","1.0000"
"368","GO:0030874","nucleolar chromatin",5,0,0.01,368,"1.0000","1.0000"
"369","GO:0030894","replisome",23,0,0.04,369,"1.0000","1.0000"
"370","GO:0030897","HOPS complex",8,0,0.02,370,"1.0000","1.0000"
"371","GO:0030904","retromer complex",11,0,0.02,371,"1.0000","1.0000"
"372","GO:0030915","Smc5-Smc6 complex",7,0,0.01,372,"1.0000","1.0000"
"373","GO:0030964","NADH dehydrogenase complex",85,0,0.16,373,"1.0000","1.0000"
"374","GO:0030981","cortical microtubule cytoskeleton",57,0,0.11,374,"1.0000","1.0000"
"375","GO:0031010","ISWI-type complex",18,0,0.03,375,"1.0000","1.0000"
"376","GO:0031011","Ino80 complex",28,0,0.05,376,"1.0000","1.0000"
"377","GO:0031012","extracellular matrix",21,0,0.04,377,"1.0000","1.0000"
"378","GO:0031080","nuclear pore outer ring",7,0,0.01,378,"1.0000","1.0000"
"379","GO:0031201","SNARE complex",51,0,0.1,379,"1.0000","1.0000"
"380","GO:0031209","SCAR complex",7,0,0.01,380,"1.0000","1.0000"
"381","GO:0031234","extrinsic component of cytoplasmic side of plasma membrane",15,0,0.03,381,"1.0000","1.0000"
"382","GO:0031248","protein acetyltransferase complex",79,0,0.15,382,"1.0000","1.0000"
"383","GO:0031261","DNA replication preinitiation complex",7,0,0.01,383,"1.0000","1.0000"
"384","GO:0031262","Ndc80 complex",8,0,0.02,384,"1.0000","1.0000"
"385","GO:0031312","extrinsic component of organelle membrane",8,0,0.02,385,"1.0000","1.0000"
"386","GO:0031371","ubiquitin conjugating enzyme complex",10,0,0.02,386,"1.0000","1.0000"
"387","GO:0031372","UBC13-MMS2 complex",7,0,0.01,387,"1.0000","1.0000"
"388","GO:0031410","cytoplasmic vesicle",794,0,1.49,388,"1.0000","1.0000"
"389","GO:0031414","N-terminal protein acetyltransferase complex",12,0,0.02,389,"1.0000","1.0000"
"390","GO:0031415","NatA complex",7,0,0.01,390,"1.0000","1.0000"
"391","GO:0031428","box C/D RNP complex",13,0,0.02,391,"1.0000","1.0000"
"392","GO:0031463","Cul3-RING ubiquitin ligase complex",5,0,0.01,392,"1.0000","1.0000"
"393","GO:0031464","Cul4A-RING E3 ubiquitin ligase complex",7,0,0.01,393,"1.0000","1.0000"
"394","GO:0031501","mannosyltransferase complex",7,0,0.01,394,"1.0000","1.0000"
"395","GO:0031519","PcG protein complex",16,0,0.03,395,"1.0000","1.0000"
"396","GO:0031588","nucleotide-activated protein kinase complex",6,0,0.01,396,"1.0000","1.0000"
"397","GO:0031897","Tic complex",6,0,0.01,397,"1.0000","1.0000"
"398","GO:0031901","early endosome membrane",6,0,0.01,398,"1.0000","1.0000"
"399","GO:0031902","late endosome membrane",20,0,0.04,399,"1.0000","1.0000"
"400","GO:0031903","microbody membrane",25,0,0.05,400,"1.0000","1.0000"
"401","GO:0031931","TORC1 complex",5,0,0.01,401,"1.0000","1.0000"
"402","GO:0031965","nuclear membrane",17,0,0.03,402,"1.0000","1.0000"
"403","GO:0031968","organelle outer membrane",492,0,0.93,403,"1.0000","1.0000"
"404","GO:0031969","chloroplast membrane",160,0,0.3,404,"1.0000","1.0000"
"405","GO:0031970","organelle envelope lumen",20,0,0.04,405,"1.0000","1.0000"
"406","GO:0031976","plastid thylakoid",470,0,0.88,406,"1.0000","1.0000"
"407","GO:0031977","thylakoid lumen",64,0,0.12,407,"1.0000","1.0000"
"408","GO:0031978","plastid thylakoid lumen",47,0,0.09,408,"1.0000","1.0000"
"409","GO:0031982","vesicle",867,0,1.63,409,"1.0000","1.0000"
"410","GO:0031984","organelle subcompartment",660,0,1.24,410,"1.0000","1.0000"
"411","GO:0031985","Golgi cisterna",218,0,0.41,411,"1.0000","1.0000"
"412","GO:0032040","small-subunit processome",47,0,0.09,412,"1.0000","1.0000"
"413","GO:0032133","chromosome passenger complex",10,0,0.02,413,"1.0000","1.0000"
"414","GO:0032153","cell division site",8,0,0.02,414,"1.0000","1.0000"
"415","GO:0032300","mismatch repair complex",5,0,0.01,415,"1.0000","1.0000"
"416","GO:0032432","actin filament bundle",5,0,0.01,416,"1.0000","1.0000"
"417","GO:0032588","trans-Golgi network membrane",27,0,0.05,417,"1.0000","1.0000"
"418","GO:0032797","SMN complex",6,0,0.01,418,"1.0000","1.0000"
"419","GO:0032806","carboxy-terminal domain protein kinase complex",17,0,0.03,419,"1.0000","1.0000"
"420","GO:0033176","proton-transporting V-type ATPase complex",25,0,0.05,420,"1.0000","1.0000"
"421","GO:0033177","proton-transporting two-sector ATPase complex, proton-transporting domain",29,0,0.05,421,"1.0000","1.0000"
"422","GO:0033178","proton-transporting two-sector ATPase complex, catalytic domain",28,0,0.05,422,"1.0000","1.0000"
"423","GO:0033179","proton-transporting V-type ATPase, V0 domain",15,0,0.03,423,"1.0000","1.0000"
"424","GO:0033180","proton-transporting V-type ATPase, V1 domain",6,0,0.01,424,"1.0000","1.0000"
"425","GO:0033185","dolichol-phosphate-mannose synthase complex",5,0,0.01,425,"1.0000","1.0000"
"426","GO:0033263","CORVET complex",6,0,0.01,426,"1.0000","1.0000"
"427","GO:0033281","TAT protein transport complex",8,0,0.02,427,"1.0000","1.0000"
"428","GO:0033588","elongator holoenzyme complex",8,0,0.02,428,"1.0000","1.0000"
"429","GO:0033597","mitotic checkpoint complex",5,0,0.01,429,"1.0000","1.0000"
"430","GO:0034045","phagophore assembly site membrane",11,0,0.02,430,"1.0000","1.0000"
"431","GO:0034098","VCP-NPL4-UFD1 AAA ATPase complex",8,0,0.02,431,"1.0000","1.0000"
"432","GO:0034245","mitochondrial DNA-directed RNA polymerase complex",5,0,0.01,432,"1.0000","1.0000"
"433","GO:0034357","photosynthetic membrane",394,0,0.74,433,"1.0000","1.0000"
"434","GO:0034388","Pwp2p-containing subcomplex of 90S preribosome",5,0,0.01,434,"1.0000","1.0000"
"435","GO:0034399","nuclear periphery",14,0,0.03,435,"1.0000","1.0000"
"436","GO:0034518","RNA cap binding complex",9,0,0.02,436,"1.0000","1.0000"
"437","GO:0034663","endoplasmic reticulum chaperone complex",5,0,0.01,437,"1.0000","1.0000"
"438","GO:0034702","ion channel complex",8,0,0.02,438,"1.0000","1.0000"
"439","GO:0034703","cation channel complex",8,0,0.02,439,"1.0000","1.0000"
"440","GO:0034704","calcium channel complex",7,0,0.01,440,"1.0000","1.0000"
"441","GO:0034708","methyltransferase complex",37,0,0.07,441,"1.0000","1.0000"
"442","GO:0034715","pICln-Sm protein complex",6,0,0.01,442,"1.0000","1.0000"
"443","GO:0034719","SMN-Sm protein complex",13,0,0.02,443,"1.0000","1.0000"
"444","GO:0035097","histone methyltransferase complex",26,0,0.05,444,"1.0000","1.0000"
"445","GO:0035098","ESC/E(Z) complex",5,0,0.01,445,"1.0000","1.0000"
"446","GO:0035102","PRC1 complex",6,0,0.01,446,"1.0000","1.0000"
"447","GO:0035267","NuA4 histone acetyltransferase complex",23,0,0.04,447,"1.0000","1.0000"
"448","GO:0035371","microtubule plus-end",6,0,0.01,448,"1.0000","1.0000"
"449","GO:0035618","root hair",30,0,0.06,449,"1.0000","1.0000"
"450","GO:0035619","root hair tip",10,0,0.02,450,"1.0000","1.0000"
"451","GO:0035838","growing cell tip",30,0,0.06,451,"1.0000","1.0000"
"452","GO:0035861","site of double-strand break",10,0,0.02,452,"1.0000","1.0000"
"453","GO:0036452","ESCRT complex",22,0,0.04,453,"1.0000","1.0000"
"454","GO:0038201","TOR complex",5,0,0.01,454,"1.0000","1.0000"
"455","GO:0042170","plastid membrane",523,0,0.98,455,"1.0000","1.0000"
"456","GO:0042175","nuclear outer membrane-endoplasmic reticulum membrane network",245,0,0.46,456,"1.0000","1.0000"
"457","GO:0042555","MCM complex",10,0,0.02,457,"1.0000","1.0000"
"458","GO:0042575","DNA polymerase complex",20,0,0.04,458,"1.0000","1.0000"
"459","GO:0042579","microbody",322,0,0.61,459,"1.0000","1.0000"
"460","GO:0042644","chloroplast nucleoid",49,0,0.09,460,"1.0000","1.0000"
"461","GO:0042645","mitochondrial nucleoid",8,0,0.02,461,"1.0000","1.0000"
"462","GO:0042646","plastid nucleoid",56,0,0.11,462,"1.0000","1.0000"
"463","GO:0042651","thylakoid membrane",392,0,0.74,463,"1.0000","1.0000"
"464","GO:0042709","succinate-CoA ligase complex",5,0,0.01,464,"1.0000","1.0000"
"465","GO:0042721","TIM22 mitochondrial import inner membrane insertion complex",7,0,0.01,465,"1.0000","1.0000"
"466","GO:0042735","protein body",6,0,0.01,466,"1.0000","1.0000"
"467","GO:0042807","central vacuole",6,0,0.01,467,"1.0000","1.0000"
"468","GO:0042995","cell projection",149,0,0.28,468,"1.0000","1.0000"
"469","GO:0043036","starch grain",9,0,0.02,469,"1.0000","1.0000"
"470","GO:0043073","germ cell nucleus",7,0,0.01,470,"1.0000","1.0000"
"471","GO:0043076","megasporocyte nucleus",7,0,0.01,471,"1.0000","1.0000"
"472","GO:0043078","polar nucleus",7,0,0.01,472,"1.0000","1.0000"
"473","GO:0043189","H4/H2A histone acetyltransferase complex",23,0,0.04,473,"1.0000","1.0000"
"474","GO:0043230","extracellular organelle",14,0,0.03,474,"1.0000","1.0000"
"475","GO:0043527","tRNA methyltransferase complex",6,0,0.01,475,"1.0000","1.0000"
"476","GO:0043529","GET complex",6,0,0.01,476,"1.0000","1.0000"
"477","GO:0043596","nuclear replication fork",29,0,0.05,477,"1.0000","1.0000"
"478","GO:0043601","nuclear replisome",23,0,0.04,478,"1.0000","1.0000"
"479","GO:0043625","delta DNA polymerase complex",5,0,0.01,479,"1.0000","1.0000"
"480","GO:0044391","ribosomal subunit",286,0,0.54,480,"1.0000","1.0000"
"481","GO:0044545","NSL complex",5,0,0.01,481,"1.0000","1.0000"
"482","GO:0044613","nuclear pore central transport channel",5,0,0.01,482,"1.0000","1.0000"
"483","GO:0045177","apical part of cell",35,0,0.07,483,"1.0000","1.0000"
"484","GO:0045178","basal part of cell",5,0,0.01,484,"1.0000","1.0000"
"485","GO:0045239","tricarboxylic acid cycle enzyme complex",19,0,0.04,485,"1.0000","1.0000"
"486","GO:0045240","dihydrolipoyl dehydrogenase complex",13,0,0.02,486,"1.0000","1.0000"
"487","GO:0045252","oxoglutarate dehydrogenase complex",10,0,0.02,487,"1.0000","1.0000"
"488","GO:0045254","pyruvate dehydrogenase complex",9,0,0.02,488,"1.0000","1.0000"
"489","GO:0045257","succinate dehydrogenase complex (ubiquinone)",7,0,0.01,489,"1.0000","1.0000"
"490","GO:0045259","proton-transporting ATP synthase complex",37,0,0.07,490,"1.0000","1.0000"
"491","GO:0045261","proton-transporting ATP synthase complex, catalytic core F(1)",18,0,0.03,491,"1.0000","1.0000"
"492","GO:0045263","proton-transporting ATP synthase complex, coupling factor F(o)",14,0,0.03,492,"1.0000","1.0000"
"493","GO:0045271","respiratory chain complex I",81,0,0.15,493,"1.0000","1.0000"
"494","GO:0045272","plasma membrane respiratory chain complex I",6,0,0.01,494,"1.0000","1.0000"
"495","GO:0045273","respiratory chain complex II",9,0,0.02,495,"1.0000","1.0000"
"496","GO:0045275","respiratory chain complex III",16,0,0.03,496,"1.0000","1.0000"
"497","GO:0045277","respiratory chain complex IV",12,0,0.02,497,"1.0000","1.0000"
"498","GO:0045281","succinate dehydrogenase complex",9,0,0.02,498,"1.0000","1.0000"
"499","GO:0045283","fumarate reductase complex",7,0,0.01,499,"1.0000","1.0000"
"500","GO:0045298","tubulin complex",15,0,0.03,500,"1.0000","1.0000"
"501","GO:0045334","clathrin-coated endocytic vesicle",6,0,0.01,501,"1.0000","1.0000"
"502","GO:0046540","U4/U6 x U5 tri-snRNP complex",24,0,0.05,502,"1.0000","1.0000"
"503","GO:0048046","apoplast",302,0,0.57,503,"1.0000","1.0000"
"504","GO:0048188","Set1C/COMPASS complex",17,0,0.03,504,"1.0000","1.0000"
"505","GO:0048226","Casparian strip",16,0,0.03,505,"1.0000","1.0000"
"506","GO:0048471","perinuclear region of cytoplasm",24,0,0.05,506,"1.0000","1.0000"
"507","GO:0048475","coated membrane",68,0,0.13,507,"1.0000","1.0000"
"508","GO:0048500","signal recognition particle",10,0,0.02,508,"1.0000","1.0000"
"509","GO:0051233","spindle midzone",7,0,0.01,509,"1.0000","1.0000"
"510","GO:0051286","cell tip",36,0,0.07,510,"1.0000","1.0000"
"511","GO:0055028","cortical microtubule",53,0,0.1,511,"1.0000","1.0000"
"512","GO:0055029","nuclear DNA-directed RNA polymerase complex",105,0,0.2,512,"1.0000","1.0000"
"513","GO:0055035","plastid thylakoid membrane",365,0,0.69,513,"1.0000","1.0000"
"514","GO:0055037","recycling endosome",13,0,0.02,514,"1.0000","1.0000"
"515","GO:0055038","recycling endosome membrane",5,0,0.01,515,"1.0000","1.0000"
"516","GO:0060187","cell pole",36,0,0.07,516,"1.0000","1.0000"
"517","GO:0061617","MICOS complex",5,0,0.01,517,"1.0000","1.0000"
"518","GO:0061927","TOC-TIC supercomplex I",6,0,0.01,518,"1.0000","1.0000"
"519","GO:0062091","Ycf2/FtsHi complex",11,0,0.02,519,"1.0000","1.0000"
"520","GO:0065010","extracellular membrane-bounded organelle",14,0,0.03,520,"1.0000","1.0000"
"521","GO:0070062","extracellular exosome",14,0,0.03,521,"1.0000","1.0000"
"522","GO:0070069","cytochrome complex",36,0,0.07,522,"1.0000","1.0000"
"523","GO:0070176","DRM complex",17,0,0.03,523,"1.0000","1.0000"
"524","GO:0070382","exocytic vesicle",6,0,0.01,524,"1.0000","1.0000"
"525","GO:0070461","SAGA-type complex",19,0,0.04,525,"1.0000","1.0000"
"526","GO:0070469","respirasome",120,0,0.23,526,"1.0000","1.0000"
"527","GO:0070470","plasma membrane respirasome",6,0,0.01,527,"1.0000","1.0000"
"528","GO:0070505","pollen coat",6,0,0.01,528,"1.0000","1.0000"
"529","GO:0070531","BRCA1-A complex",6,0,0.01,529,"1.0000","1.0000"
"530","GO:0070603","SWI/SNF superfamily-type complex",67,0,0.13,530,"1.0000","1.0000"
"531","GO:0070652","HAUS complex",6,0,0.01,531,"1.0000","1.0000"
"532","GO:0070822","Sin3-type complex",9,0,0.02,532,"1.0000","1.0000"
"533","GO:0070847","core mediator complex",5,0,0.01,533,"1.0000","1.0000"
"534","GO:0070971","endoplasmic reticulum exit site",20,0,0.04,534,"1.0000","1.0000"
"535","GO:0070985","transcription factor TFIIK complex",5,0,0.01,535,"1.0000","1.0000"
"536","GO:0071004","U2-type prespliceosome",24,0,0.05,536,"1.0000","1.0000"
"537","GO:0071006","U2-type catalytic step 1 spliceosome",8,0,0.02,537,"1.0000","1.0000"
"538","GO:0071010","prespliceosome",24,0,0.05,538,"1.0000","1.0000"
"539","GO:0071011","precatalytic spliceosome",27,0,0.05,539,"1.0000","1.0000"
"540","GO:0071012","catalytic step 1 spliceosome",8,0,0.02,540,"1.0000","1.0000"
"541","GO:0071013","catalytic step 2 spliceosome",55,0,0.1,541,"1.0000","1.0000"
"542","GO:0071014","post-mRNA release spliceosomal complex",9,0,0.02,542,"1.0000","1.0000"
"543","GO:0071541","eukaryotic translation initiation factor 3 complex, eIF3m",5,0,0.01,543,"1.0000","1.0000"
"544","GO:0071782","endoplasmic reticulum tubular network",11,0,0.02,544,"1.0000","1.0000"
"545","GO:0072546","EMC complex",12,0,0.02,545,"1.0000","1.0000"
"546","GO:0072686","mitotic spindle",18,0,0.03,546,"1.0000","1.0000"
"547","GO:0089701","U2AF complex",7,0,0.01,547,"1.0000","1.0000"
"548","GO:0090404","pollen tube tip",30,0,0.06,548,"1.0000","1.0000"
"549","GO:0090406","pollen tube",104,0,0.2,549,"1.0000","1.0000"
"550","GO:0090571","RNA polymerase II transcription repressor complex",17,0,0.03,550,"1.0000","1.0000"
"551","GO:0090575","RNA polymerase II transcription regulator complex",78,0,0.15,551,"1.0000","1.0000"
"552","GO:0090576","RNA polymerase III transcription regulator complex",11,0,0.02,552,"1.0000","1.0000"
"553","GO:0090734","site of DNA damage",10,0,0.02,553,"1.0000","1.0000"
"554","GO:0097346","INO80-type complex",40,0,0.08,554,"1.0000","1.0000"
"555","GO:0097525","spliceosomal snRNP complex",67,0,0.13,555,"1.0000","1.0000"
"556","GO:0097526","spliceosomal tri-snRNP complex",34,0,0.06,556,"1.0000","1.0000"
"557","GO:0097550","transcription preinitiation complex",8,0,0.02,557,"1.0000","1.0000"
"558","GO:0097708","intracellular vesicle",797,0,1.5,558,"1.0000","1.0000"
"559","GO:0098552","side of membrane",51,0,0.1,559,"1.0000","1.0000"
"560","GO:0098554","cytoplasmic side of endoplasmic reticulum membrane",6,0,0.01,560,"1.0000","1.0000"
"561","GO:0098562","cytoplasmic side of membrane",38,0,0.07,561,"1.0000","1.0000"
"562","GO:0098572","stromal side of plastid thylakoid membrane",5,0,0.01,562,"1.0000","1.0000"
"563","GO:0098588","bounding membrane of organelle",935,0,1.76,563,"1.0000","1.0000"
"564","GO:0098590","plasma membrane region",71,0,0.13,564,"1.0000","1.0000"
"565","GO:0098791","Golgi apparatus subcompartment",420,0,0.79,565,"1.0000","1.0000"
"566","GO:0098798","mitochondrial protein-containing complex",259,0,0.49,566,"1.0000","1.0000"
"567","GO:0098799","outer mitochondrial membrane protein complex",8,0,0.02,567,"1.0000","1.0000"
"568","GO:0098800","inner mitochondrial membrane protein complex",185,0,0.35,568,"1.0000","1.0000"
"569","GO:0098803","respiratory chain complex",118,0,0.22,569,"1.0000","1.0000"
"570","GO:0098807","chloroplast thylakoid membrane protein complex",25,0,0.05,570,"1.0000","1.0000"
"571","GO:0098827","endoplasmic reticulum subcompartment",246,0,0.46,571,"1.0000","1.0000"
"572","GO:0098852","lytic vacuole membrane",6,0,0.01,572,"1.0000","1.0000"
"573","GO:0098857","membrane microdomain",5,0,0.01,573,"1.0000","1.0000"
"574","GO:0099023","vesicle tethering complex",79,0,0.15,574,"1.0000","1.0000"
"575","GO:0099081","supramolecular polymer",219,0,0.41,575,"1.0000","1.0000"
"576","GO:0099086","synaptonemal structure",5,0,0.01,576,"1.0000","1.0000"
"577","GO:0099503","secretory vesicle",187,0,0.35,577,"1.0000","1.0000"
"578","GO:0099512","supramolecular fiber",219,0,0.41,578,"1.0000","1.0000"
"579","GO:0099513","polymeric cytoskeletal fiber",216,0,0.41,579,"1.0000","1.0000"
"580","GO:0106068","SUMO ligase complex",7,0,0.01,580,"1.0000","1.0000"
"581","GO:0120025","plasma membrane bounded cell projection",133,0,0.25,581,"1.0000","1.0000"
"582","GO:0120114","Sm-like protein family complex",77,0,0.14,582,"1.0000","1.0000"
"583","GO:0140534","endoplasmic reticulum protein-containing complex",86,0,0.16,583,"1.0000","1.0000"
"584","GO:1902493","acetyltransferase complex",79,0,0.15,584,"1.0000","1.0000"
"585","GO:1902495","transmembrane transporter complex",106,0,0.2,585,"1.0000","1.0000"
"586","GO:1902554","serine/threonine protein kinase complex",93,0,0.18,586,"1.0000","1.0000"
"587","GO:1902555","endoribonuclease complex",7,0,0.01,587,"1.0000","1.0000"
"588","GO:1902562","H4 histone acetyltransferase complex",28,0,0.05,588,"1.0000","1.0000"
"589","GO:1902911","protein kinase complex",100,0,0.19,589,"1.0000","1.0000"
"590","GO:1903293","phosphatase complex",37,0,0.07,590,"1.0000","1.0000"
"591","GO:1903561","extracellular vesicle",14,0,0.03,591,"1.0000","1.0000"
"592","GO:1904949","ATPase complex",144,0,0.27,592,"1.0000","1.0000"
"593","GO:1905348","endonuclease complex",10,0,0.02,593,"1.0000","1.0000"
"594","GO:1905354","exoribonuclease complex",25,0,0.05,594,"1.0000","1.0000"
"595","GO:1905360","GTPase complex",8,0,0.02,595,"1.0000","1.0000"
"596","GO:1990124","messenger ribonucleoprotein complex",5,0,0.01,596,"1.0000","1.0000"
"597","GO:1990204","oxidoreductase complex",164,0,0.31,597,"1.0000","1.0000"
"598","GO:1990246","uniplex complex",7,0,0.01,598,"1.0000","1.0000"
"599","GO:1990351","transporter complex",112,0,0.21,599,"1.0000","1.0000"
"600","GO:1990429","peroxisomal importomer complex",5,0,0.01,600,"1.0000","1.0000"
"601","GO:1990726","Lsm1-7-Pat1 complex",7,0,0.01,601,"1.0000","1.0000"
"602","GO:1990752","microtubule end",9,0,0.02,602,"1.0000","1.0000"
